{"cameraMode":{"drawMode":0,"name":"Shaded","section":"Shading Mode"},"sceneLighting":true,"audioPlay":false,"sceneViewState":{"showFog":true,"showMaterialUpdate":false,"showSkybox":true,"showFlares":true,"showImageEffects":true,"showParticleSystems":true},"in2DMode":false,"pivot":{"x":416.4853820800781,"y":270.379638671875,"z":-0.14892578125},"rotation":{"x":-0.061717964708805087,"y":0.04100612923502922,"z":-0.0025419914163649084,"w":-0.9972589612007141},"size":731.0900268554688,"orthographic":false}