{"cameraMode":{"drawMode":0,"name":"Shaded","section":"Shading Mode"},"sceneLighting":false,"audioPlay":false,"sceneViewState":{"showFog":true,"showMaterialUpdate":false,"showSkybox":true,"showFlares":true,"showImageEffects":true,"showParticleSystems":true},"in2DMode":false,"pivot":{"x":-105.24849700927735,"y":7.446879863739014,"z":54.24140167236328},"rotation":{"x":0.006146855186671019,"y":-0.8587273955345154,"z":0.010305948555469513,"w":0.5122960805892944},"size":13.257770538330079,"orthographic":false}