{"cameraMode":{"drawMode":0,"name":"Shaded","section":"Shading Mode"},"sceneLighting":false,"audioPlay":false,"sceneViewState":{"showFog":true,"showMaterialUpdate":false,"showSkybox":true,"showFlares":true,"showImageEffects":true,"showParticleSystems":true},"in2DMode":false,"pivot":{"x":-102.12567901611328,"y":3.7077713012695314,"z":53.73237991333008},"rotation":{"x":-0.08777500689029694,"y":0.8348369598388672,"z":-0.13953380286693574,"w":-0.5252543687820435},"size":4.13610315322876,"orthographic":false}