{"cameraMode":{"drawMode":0,"name":"Shaded","section":"Shading Mode"},"sceneLighting":false,"audioPlay":false,"sceneViewState":{"showFog":true,"showMaterialUpdate":false,"showSkybox":true,"showFlares":true,"showImageEffects":true,"showParticleSystems":true},"in2DMode":false,"pivot":{"x":-103.47747802734375,"y":3.027963876724243,"z":53.29786682128906},"rotation":{"x":-0.08777500689029694,"y":0.8348369598388672,"z":-0.13953380286693574,"w":-0.5252543687820435},"size":31.47482681274414,"orthographic":false}