{"cameraMode":{"drawMode":0,"name":"Shaded","section":"Shading Mode"},"sceneLighting":false,"audioPlay":false,"sceneViewState":{"showFog":true,"showMaterialUpdate":false,"showSkybox":true,"showFlares":true,"showImageEffects":true,"showParticleSystems":true},"in2DMode":false,"pivot":{"x":-103.34358978271485,"y":3.253093957901001,"z":53.8110466003418},"rotation":{"x":-0.0680164098739624,"y":-0.6361148953437805,"z":0.056441519409418109,"w":-0.7665174603462219},"size":10.69643497467041,"orthographic":false}