{"cameraMode":{"drawMode":0,"name":"Shaded","section":"Shading Mode"},"sceneLighting":false,"audioPlay":false,"sceneViewState":{"showFog":true,"showMaterialUpdate":false,"showSkybox":true,"showFlares":true,"showImageEffects":true,"showParticleSystems":true},"in2DMode":false,"pivot":{"x":-105.24849700927735,"y":7.446879863739014,"z":54.24140167236328},"rotation":{"x":0.18768790364265443,"y":-0.7919993996620178,"z":0.2981123626232147,"w":0.4986411929130554},"size":13.257770538330079,"orthographic":false}