{"cameraMode":{"drawMode":0,"name":"Shaded","section":"Shading Mode"},"sceneLighting":false,"audioPlay":false,"sceneViewState":{"showFog":true,"showMaterialUpdate":false,"showSkybox":true,"showFlares":true,"showImageEffects":true,"showParticleSystems":true},"in2DMode":false,"pivot":{"x":-105.37406921386719,"y":1.9446766376495362,"z":50.9961051940918},"rotation":{"x":-0.03982068970799446,"y":0.9468400478363037,"z":-0.1291881799697876,"w":-0.29195070266723635},"size":32.849308013916019,"orthographic":false}