{"cameraMode":{"drawMode":0,"name":"Shaded","section":"Shading Mode"},"sceneLighting":false,"audioPlay":false,"sceneViewState":{"showFog":true,"showMaterialUpdate":false,"showSkybox":true,"showFlares":true,"showImageEffects":true,"showParticleSystems":true},"in2DMode":false,"pivot":{"x":0.6984641551971436,"y":159.4000701904297,"z":-173.61419677734376},"rotation":{"x":0.005373326595872641,"y":-0.968466579914093,"z":0.24843211472034455,"w":0.020555462688207628},"size":14799.3828125,"orthographic":false}